unified_app_id,game_name,app_id,os,app_name,publisher_name,game_revenue_2025,app_revenue_2025,country,date,date_granularity,confidence,average_age_total,female,male,normalized_demographics_female_18,normalized_demographics_female_25,normalized_demographics_female_35,normalized_demographics_female_45,normalized_demographics_female_55,normalized_demographics_male_18,normalized_demographics_male_25,normalized_demographics_male_35,normalized_demographics_male_45,normalized_demographics_male_55,avg_dau_2025,days_with_dau
59d296dd60104c08ce201a27,Garena Free Fire,com.dts.freefireth,android,Free Fire: Undersea Mystery,GARENA INTERNATIONAL I,128540424.9,58523584.65,SE_ASIA,2026-05-20,all_time,11.0,29.0,0.3149,0.6851,0.1085,0.1152,0.0622,0.0224,0.0066,0.239,0.2507,0.1344,0.0467,0.0143,3194120.0464480873,366.0
59d296dd60104c08ce201a27,Garena Free Fire,com.dts.freefiremax,android,Free Fire MAX,GARENA INTERNATIONAL I,128540424.9,38484982.8,SE_ASIA,2026-05-20,all_time,11.0,30.0,0.2329,0.7671,0.0757,0.0819,0.0516,0.0185,0.0052,0.2565,0.27,0.1668,0.057,0.0168,2665302.281420765,366.0
59d296dd60104c08ce201a27,Garena Free Fire,1480516829,ios,Free Fire MAX,GARENA INTERNATIONAL I PRIVATE LIMITED,128540424.9,16321860.15,SE_ASIA,2026-05-20,all_time,10.0,29.0,0.2993,0.7007,0.0952,0.1131,0.06,0.0243,0.0067,0.2269,0.2638,0.1408,0.0537,0.0155,787315.393442623,366.0
59d296dd60104c08ce201a27,Garena Free Fire,1300146617,ios,Free Fire: Undersea Mystery,GARENA INTERNATIONAL I PRIVATE LIMITED,128540424.9,15209997.3,SE_ASIA,2026-05-20,all_time,10.0,30.0,0.3119,0.6881,0.1002,0.11,0.068,0.0263,0.0074,0.227,0.2469,0.1455,0.0531,0.0156,933389.4644808744,366.0
61a54e681800977bed4c561d,Arena of Valor,com.garena.game.kgvn,android,Garena Liên Quân Mobile,Garena Mobile Private,73409116.05,41666863.2,SE_ASIA,2026-05-20,all_time,11.0,29.0,0.2271,0.7729,0.0723,0.1027,0.033,0.0147,0.0044,0.2453,0.3512,0.1115,0.0499,0.015,7121930.636612022,366.0
61a54e681800977bed4c561d,Arena of Valor,1150288115,ios,Garena Liên Quân Mobile,Garena Mobile Private,73409116.05,31742252.85,SE_ASIA,2026-05-20,all_time,10.0,28.0,0.2622,0.7378,0.0959,0.1081,0.0372,0.0163,0.0047,0.2622,0.3141,0.103,0.0453,0.0132,2589481.770491803,366.0
55d3a1a802ac64350a000d6e,Roblox,com.roblox.client.vnggames,android,Roblox - VNG,"VNGGames Co., Ltd",56618997.15,31567467.6,SE_ASIA,2026-05-20,all_time,9.0,31.0,0.2762,0.7238,0.0432,0.1311,0.0713,0.0253,0.0053,0.1195,0.3323,0.1922,0.0657,0.0141,3542979.879781421,366.0
55d3a1a802ac64350a000d6e,Roblox,6474715805,ios,Roblox VN,"VNGGames Co., Ltd",56618997.15,25051529.55,SE_ASIA,2026-05-20,all_time,10.0,31.0,0.3855,0.6145,0.1134,0.1207,0.104,0.0379,0.0095,0.179,0.1947,0.1662,0.0595,0.0151,1214171.4918032787,366.0
5aad42d99f479f0a74d40440,PUBG MOBILE,1438396625,ios,PUBG Mobile VN,VNG CORPORATION,40332216.6,25862275.35,SE_ASIA,2026-05-20,all_time,9.0,28.0,0.1949,0.8051,0.0697,0.0856,0.0265,0.01,0.0031,0.3032,0.3496,0.1034,0.0373,0.0116,258415.0300546448,366.0
5aad42d99f479f0a74d40440,PUBG MOBILE,com.vng.pubgmobile,android,PUBG Mobile VN,VNG GROUP JSC,40332216.6,14469941.25,SE_ASIA,2026-05-20,all_time,9.0,28.0,0.2219,0.7781,0.0779,0.0952,0.0303,0.0146,0.0039,0.2727,0.3345,0.1071,0.0503,0.0135,316601.68032786885,366.0
5fee6d73b66dd8498d61a935,Play Together:Cozy Social Life,com.vng.playtogether,android,Play Together VNG,VNG GROUP JSC,36479983.8,18296369.4,SE_ASIA,2026-05-20,all_time,9.0,34.0,0.5437,0.4563,0.09,0.1709,0.1918,0.0744,0.0166,0.0758,0.1395,0.1643,0.0627,0.014,1331971.199453552,366.0
5fee6d73b66dd8498d61a935,Play Together:Cozy Social Life,1612175933,ios,Play Together VNG,VNG CORPORATION,36479983.8,18183614.4,SE_ASIA,2026-05-20,all_time,7.0,31.0,0.5386,0.4614,0.1476,0.1678,0.152,0.0585,0.0127,0.1265,0.1467,0.1262,0.0507,0.0113,547775.3715846995,366.0
5da680bb42fa0c4364eb64c8,League of Legends: Wild Rift,1531280382,ios,LMHT: Tốc Chiến,VNG CORPORATION,32233119.45,17739650.55,SE_ASIA,2026-05-20,all_time,8.0,26.0,0.1278,0.8722,0.0533,0.0588,0.01,0.004,0.0017,0.3549,0.4201,0.0616,0.0249,0.0107,247517.956284153,366.0
5da680bb42fa0c4364eb64c8,League of Legends: Wild Rift,com.riotgames.league.wildriftvn,android,LMHT: Tốc Chiến,VNG GROUP JSC,32233119.45,14493468.9,SE_ASIA,2026-05-20,all_time,9.0,27.0,0.0763,0.9237,0.0259,0.0407,0.0058,0.0027,0.0012,0.3161,0.4897,0.0704,0.0336,0.0139,195280.44262295082,366.0
5da67c09a546ab1edeb6c50d,TFT: Teamfight Tactics,6451463643,ios,Đấu Trường Chân Lý,VNG CORPORATION,30475119.0,17325557.85,SE_ASIA,2026-05-20,all_time,7.0,27.0,0.1447,0.8553,0.0564,0.0603,0.017,0.0082,0.0028,0.3354,0.4031,0.0711,0.0312,0.0145,470457.90983606555,366.0
5da67c09a546ab1edeb6c50d,TFT: Teamfight Tactics,com.riotgames.league.teamfighttacticsvn,android,Đấu Trường Chân Lý,VNG GROUP JSC,30475119.0,13149561.15,SE_ASIA,2026-05-20,all_time,9.0,27.0,0.0733,0.9267,0.0266,0.0366,0.006,0.0028,0.0013,0.3352,0.4545,0.0822,0.0365,0.0183,401829.1038251366,366.0
64075e77537c41636a8e1c58,Last War:Survival,6736925794,ios,Last War:Survival VN,Valar Technology Corp,23081811.21,12227149.29,SE_ASIA,2026-05-20,all_time,7.0,30.0,0.2773,0.7227,0.0583,0.1401,0.0485,0.0247,0.0057,0.1652,0.359,0.1337,0.0536,0.0112,60417.98882681564,358.0
64075e77537c41636a8e1c58,Last War:Survival,com.fun.lastwar.vn.gp,android,Last War:Survival VN,Công ty cổ phần phát triển công nghệ số Hồng Hà,23081811.21,10854661.92,SE_ASIA,2026-05-20,all_time,6.0,30.0,0.1961,0.8039,0.0498,0.0782,0.0519,0.0135,0.0027,0.2108,0.3206,0.2029,0.0586,0.011,51660.63305322129,357.0
55de056902ac6453fd058253,ICÁ,com.twincorp.bancaonline,android,ICÁ,ZINGPLAY VIETNAM,16898104.95,12583237.2,SE_ASIA,2026-05-20,all_time,7.0,29.0,0.3287,0.6713,0.0981,0.1461,0.0617,0.0184,0.0044,0.1836,0.3018,0.1327,0.042,0.0112,28944.75956284153,366.0
55de056902ac6453fd058253,ICÁ,1568659894,ios,ICÁ,ZingPlay VietNam,16898104.95,4314867.75,SE_ASIA,2026-05-20,all_time,6.0,29.0,0.3624,0.6376,0.107,0.1532,0.0709,0.0246,0.0067,0.1747,0.278,0.1286,0.044,0.0123,2906.0409836065573,366.0
56e35cf19429946c4e0bac66,Coin Master,406889139,ios,Coin Master,Moon Active,16102875.36,9048001.17,SE_ASIA,2026-05-20,all_time,8.0,31.0,0.4459,0.5541,0.1155,0.1573,0.1145,0.0476,0.011,0.1357,0.1938,0.1495,0.0609,0.0142,174450.3661202186,366.0
56e35cf19429946c4e0bac66,Coin Master,com.moonactive.coinmaster,android,Coin Master,Moon Active,16102875.36,7054874.19,SE_ASIA,2026-05-20,all_time,9.0,31.0,0.4563,0.5437,0.1193,0.1612,0.1178,0.048,0.01,0.1361,0.1959,0.1422,0.0575,0.012,187199.868852459,366.0
58356d7e0211a6bb250005ae,OMG 2 Samkok,com.gs2.omg,android,OMG 3Q - Đấu tướng Tam Quốc,"VNGGames Co., Ltd",14653438.65,7791440.55,SE_ASIA,2026-05-20,all_time,7.0,26.0,0.1419,0.8581,0.0568,0.0716,0.0107,0.0018,0.001,0.344,0.438,0.0585,0.0103,0.0073,7932.232240437159,366.0
58356d7e0211a6bb250005ae,OMG 2 Samkok,1238026766,ios,OMG 3Q - Game Tam Quốc VNG,"VNGGames Co., Ltd",14653438.65,6861912.6,SE_ASIA,2026-05-20,all_time,6.0,26.0,0.1912,0.8088,0.077,0.0846,0.0195,0.0078,0.0023,0.3265,0.394,0.0628,0.0177,0.0078,1317.2486338797814,366.0
58356d7e0211a6bb250005ae,OMG 2 Samkok,gsn.game.sam,android,Cờ tướng ZingPlay,ZINGPLAY VIETNAM,14653438.65,85.5,SE_ASIA,2026-05-20,all_time,4.0,27.0,0.1738,0.8262,0.0716,0.0743,0.0199,0.0061,0.0019,0.3089,0.3737,0.1035,0.0322,0.0079,1630.5273224043715,366.0
5ac2bdddcfc03208313848db,Rise of Kingdoms,1574489575,ios,Rise of Kingdoms - Gamota,KULS JSC,11525724.42,6320660.16,SE_ASIA,2026-05-20,all_time,7.0,29.0,0.1927,0.8073,0.0557,0.0825,0.0348,0.013,0.0067,0.2674,0.354,0.1292,0.0406,0.0161,56046.35519125683,366.0
5ac2bdddcfc03208313848db,Rise of Kingdoms,com.rok.gp.vn,android,Rise of Kingdoms - Gamota,Gamota Corp,11525724.42,5205064.26,SE_ASIA,2026-05-20,all_time,8.0,29.0,0.1921,0.8079,0.0601,0.0869,0.0286,0.0131,0.0034,0.2371,0.3769,0.1186,0.0605,0.0148,63698.68579234973,366.0
63bd1e79e36abf4ca724dad2,TopHeroes,6575363756,ios,Thời Đại Anh Hùng,Valar Technology Corp,9541489.62,5750182.59,SE_ASIA,2026-05-20,all_time,5.0,29.0,0.2777,0.7223,0.0857,0.1234,0.044,0.0167,0.0079,0.224,0.3097,0.1184,0.0526,0.0176,29782.72950819672,366.0
63bd1e79e36abf4ca724dad2,TopHeroes,com.greenmushroom.boomblitz.gp.vn,android,Thời Đại Anh Hùng,Công ty cổ phần phát triển công nghệ số Hồng Hà,9541489.62,3791307.03,SE_ASIA,2026-05-20,all_time,6.0,29.0,0.2236,0.7764,0.0759,0.1021,0.0287,0.0124,0.0045,0.2496,0.3394,0.1174,0.0543,0.0157,26812.562841530056,366.0
55aee5717ee3d47e0e030502,ZingPlay Portal - Games Center,gsn.game.zingplaynew,android,ZingPlay - Cổng game - iCa,ZINGPLAY VIETNAM,9301590.3,4726734.9,SE_ASIA,2026-05-20,all_time,8.0,32.0,0.288,0.712,0.0262,0.1348,0.096,0.0257,0.0053,0.0672,0.3342,0.2341,0.0632,0.0133,125912.6393442623,366.0
55aee5717ee3d47e0e030502,ZingPlay Portal - Games Center,1528287521,ios,Cổng game ZingPlay - iCa,ZingPlay VietNam,9301590.3,3714825.3,SE_ASIA,2026-05-20,all_time,7.0,32.0,0.3232,0.6768,0.0471,0.1444,0.0956,0.029,0.0071,0.0852,0.3108,0.206,0.0604,0.0144,26097.50273224044,366.0
55aee5717ee3d47e0e030502,ZingPlay Portal - Games Center,com.gsn.zps.full,android,ZingPlay HD Cổng game giải trí,ZINGPLAY VIETNAM,9301590.3,860030.1,SE_ASIA,2026-05-20,all_time,6.0,29.0,0.3966,0.6034,0.1382,0.1579,0.0717,0.0222,0.0066,0.1969,0.2566,0.1069,0.0322,0.0108,14062.844262295082,366.0
55c5028802ac64f9c0001faf,Candy Crush Saga,553834731,ios,Candy Crush Saga,King,9002777.67,5158273.35,SE_ASIA,2026-05-20,all_time,9.0,32.0,0.4892,0.5108,0.1061,0.1722,0.1318,0.0634,0.0157,0.11,0.1779,0.1417,0.0648,0.0164,189203.46174863388,366.0
55c5028802ac64f9c0001faf,Candy Crush Saga,com.king.candycrushsaga,android,Candy Crush Saga,King,9002777.67,3844504.32,SE_ASIA,2026-05-20,all_time,10.0,32.0,0.5067,0.4933,0.1106,0.1781,0.1364,0.0667,0.0149,0.1062,0.1745,0.1332,0.0647,0.0147,220863.73224043715,366.0
652e01496f1d5e32a3b568fe,MU Monarch,vng.games.mu.webzen.online,android,MU Lục Địa VNG,VNG GROUP JSC,7912484.85,4157492.1,SE_ASIA,2026-05-20,all_time,4.0,29.0,0.2296,0.7704,0.0573,0.1163,0.0401,0.0086,0.0073,0.2003,0.3982,0.1259,0.0353,0.0107,16149.687272727273,275.0
652e01496f1d5e32a3b568fe,MU Monarch,6502928253,ios,MU Lục Địa VNG,VNG CORPORATION,7912484.85,3754992.75,SE_ASIA,2026-05-20,all_time,3.0,29.0,0.2663,0.7337,0.0706,0.1232,0.0499,0.0146,0.008,0.1672,0.3779,0.1481,0.0297,0.0108,2592.3527272727274,275.0
5e8694de25186e479bf4dd24,EA SPORTS FC Mobile Soccer,6737226348,ios,FC Mobile VN,Garena Mobile Private,7325900.1,4139731.05,SE_ASIA,2026-05-20,all_time,8.0,29.0,0.1318,0.8682,0.0386,0.0487,0.0305,0.011,0.003,0.2839,0.3327,0.1774,0.0567,0.0175,838282.5512820513,78.0
5e8694de25186e479bf4dd24,EA SPORTS FC Mobile Soccer,com.garena.game.fcmobilevn,android,FC Mobile VN,Garena Mobile Private,7325900.1,3186169.05,SE_ASIA,2026-05-20,all_time,8.0,29.0,0.1731,0.8269,0.0306,0.1117,0.0229,0.0062,0.0017,0.1472,0.5324,0.1105,0.0288,0.008,544649.077922078,77.0
5a436fa30211a64e563fcdb8,QQ飞车,1435297178,ios,ZingSpeed Mobile,VNG CORPORATION,7138784.25,3949310.25,SE_ASIA,2026-05-20,all_time,6.0,29.0,0.3873,0.6127,0.142,0.1388,0.0685,0.0302,0.0078,0.2179,0.2358,0.1038,0.0437,0.0115,49506.54644808743,366.0
5a436fa30211a64e563fcdb8,QQ飞车,com.vng.speedvn,android,ZingSpeed Mobile,VNG GROUP JSC,7138784.25,3189474.0,SE_ASIA,2026-05-20,all_time,8.0,29.0,0.3628,0.6372,0.1241,0.1475,0.0604,0.0242,0.0066,0.2098,0.2717,0.1034,0.0412,0.0111,74601.38524590163,366.0
5d0355893ea9832c13e157d2,Call of Duty®: Mobile,1477030970,ios,Call of Duty: Mobile VN,VNG CORPORATION,5941914.45,3098634.45,SE_ASIA,2026-05-20,all_time,9.0,28.0,0.2543,0.7457,0.1077,0.0907,0.0346,0.0162,0.0051,0.3069,0.2712,0.1047,0.0481,0.0148,21371.147540983606,366.0
5d0355893ea9832c13e157d2,Call of Duty®: Mobile,com.vng.codmvn,android,Call Of Duty: Mobile VN,VNG GROUP JSC,5941914.45,2843280.0,SE_ASIA,2026-05-20,all_time,8.0,30.0,0.1676,0.8324,0.0501,0.0706,0.0279,0.0145,0.0045,0.244,0.3493,0.1437,0.0721,0.0233,19085.275956284153,366.0
58f98ac30bc24808080019ff,Love Nikki-Dress UP Queen,1051206681,ios,Ngôi Sao Thời Trang 360Mobi,VNG CORPORATION,5725046.1,3816963.3,SE_ASIA,2026-05-20,all_time,7.0,28.0,0.7356,0.2644,0.2942,0.2798,0.0874,0.0567,0.0175,0.0922,0.1015,0.0399,0.0236,0.0072,64914.434426229505,366.0
58f98ac30bc24808080019ff,Love Nikki-Dress UP Queen,com.vng.ngoisaothoitrang,android,Ngôi Sao Thời Trang,VNG GROUP JSC,5725046.1,1908082.8,SE_ASIA,2026-05-20,all_time,9.0,28.0,0.8206,0.1794,0.3416,0.3109,0.0929,0.057,0.0182,0.0724,0.0699,0.0207,0.0125,0.0039,75270.75409836066,366.0
582219400211a6c9240005fc,Gardenscapes,1105855019,ios,Gardenscapes,Playrix,5572186.5,3669738.12,SE_ASIA,2026-05-20,all_time,8.0,33.0,0.5699,0.4301,0.1125,0.2041,0.1606,0.0814,0.0113,0.0819,0.1492,0.126,0.0629,0.0101,33840.661202185795,366.0
582219400211a6c9240005fc,Gardenscapes,com.playrix.gardenscapes,android,Gardenscapes,Playrix,5572186.5,1902448.38,SE_ASIA,2026-05-20,all_time,9.0,33.0,0.5873,0.4127,0.108,0.2118,0.1707,0.0875,0.0093,0.073,0.1422,0.1261,0.0637,0.0077,17708.650273224044,366.0
6410802d9aac52470e6eaea4,Top Eleven: Quản Lý Bóng Đá,1643854223,ios,Top Eleven: Quản Lý Bóng Đá,VNG CORPORATION,5303258.1,2894305.05,SE_ASIA,2026-05-20,all_time,4.0,27.0,0.1654,0.8346,0.046,0.0701,0.0353,0.0108,0.0032,0.3112,0.3741,0.1227,0.0199,0.0067,8747.70218579235,366.0
6410802d9aac52470e6eaea4,Top Eleven: Quản Lý Bóng Đá,vnggames.topeleven.football.soccermanager,android,Top Eleven: Quản Lý Bóng Đá,VNG GROUP JSC,5303258.1,2408953.05,SE_ASIA,2026-05-20,all_time,5.0,27.0,0.0932,0.9068,0.0243,0.0469,0.0203,0.0012,0.0005,0.3491,0.4176,0.1253,0.0105,0.0043,4836.863387978142,366.0
66b1f458d72cf61108f8c2c6,Delta Force,6670604287,ios,Garena® 三角洲行動,Garena Mobile Games Private Ltd.,4993390.8,2633360.85,SE_ASIA,2026-05-20,all_time,7.0,27.0,0.1653,0.8347,0.0661,0.0724,0.0174,0.0075,0.0019,0.339,0.3824,0.0743,0.0308,0.0082,215125.17919075146,173.0
66b1f458d72cf61108f8c2c6,Delta Force,com.garena.game.df,android,Garena® Delta Force,Garena Mobile Private Limited,4993390.8,2360029.95,SE_ASIA,2026-05-20,all_time,8.0,26.0,0.1333,0.8667,0.0564,0.061,0.0105,0.0045,0.0009,0.3666,0.4015,0.066,0.0262,0.0064,241439.22988505746,174.0
5f3b76921392d052ebf0d0ca,Genshin Impact,com.miHoYo.GenshinImpact.vn,android,Genshin Impact - Funtap,Hồng Hà JSC,4870967.97,2870686.11,SE_ASIA,2026-05-20,all_time,8.0,27.0,0.3581,0.6419,0.1271,0.165,0.0503,0.0111,0.0046,0.2242,0.3066,0.0849,0.0184,0.0078,123442.31147540984,366.0
5f3b76921392d052ebf0d0ca,Genshin Impact,6451477469,ios,Genshin Impact - Funtap,HongHaGame,4870967.97,2000281.86,SE_ASIA,2026-05-20,all_time,9.0,26.0,0.3659,0.6341,0.1713,0.1406,0.0336,0.0158,0.0046,0.2903,0.2467,0.0612,0.0283,0.0076,66400.21038251366,366.0
565ff9f502ac6459a0000035,CrossFire: Legends,6748588650,ios,Crossfire: Legends,VNG CORPORATION,4592890.8,2475154.5,SE_ASIA,2026-05-20,all_time,5.0,27.0,0.1895,0.8105,0.082,0.0722,0.0244,0.0079,0.003,0.3346,0.3374,0.0983,0.0298,0.0104,536584.9444444445,18.0
565ff9f502ac6459a0000035,CrossFire: Legends,com.vnggames.cfl.crossfirelegends,android,Crossfire: Legends,VNG GROUP JSC,4592890.8,2117736.3,SE_ASIA,2026-05-20,all_time,6.0,28.0,0.1392,0.8608,0.0453,0.0668,0.0179,0.0073,0.0019,0.2682,0.4362,0.1025,0.0441,0.0098,320260.5882352941,17.0
6850060d76109d4529b41454,Nghịch Thủy Hàn,6743144418,ios,Nghịch Thủy Hàn,VNG CORPORATION,4532107.2,2928511.65,SE_ASIA,2026-05-20,all_time,2.0,29.0,0.4508,0.5492,0.1622,0.1655,0.073,0.0378,0.0123,0.1931,0.2086,0.0884,0.0445,0.0146,41653.101694915254,59.0
6850060d76109d4529b41454,Nghịch Thủy Hàn,vng.game.nth,android,Nghịch Thủy Hàn,VNG GROUP JSC,4532107.2,1603595.55,,,,,,,,,,,,,,,,,,,
633b886973f76b48784c36b9,Zombie Waves-shooting game,com.ddup.zombiewaves.zw.vn,android,Anh Hùng Cấm Địa - VTC Game,VTC GAme,4426911.06,1733305.98,,,,,,,,,,,,,,,,,,,
633b886973f76b48784c36b9,Zombie Waves-shooting game,6736819155,ios,Anh Hùng Cấm Địa - VTC Game,VTC GAME,4426911.06,1693233.36,,,,,,,,,,,,,,,,,,,
633b886973f76b48784c36b9,Zombie Waves-shooting game,6443760593,ios,Zombie Waves-shooting game,FUN FORMULA PTE. LTD.,4426911.06,578625.27,SE_ASIA,2026-05-20,all_time,5.0,30.0,0.2303,0.7697,0.0659,0.0866,0.0521,0.0204,0.0053,0.21,0.312,0.1664,0.0645,0.0168,17326.696721311477,366.0
633b886973f76b48784c36b9,Zombie Waves-shooting game,com.ddup.zombiewaves.zw,android,Zombie Waves,Fun Formula,4426911.06,421746.45,SE_ASIA,2026-05-20,all_time,6.0,30.0,0.1717,0.8283,0.0444,0.0678,0.0423,0.0139,0.0033,0.2215,0.3444,0.1793,0.0661,0.017,13954.188524590163,366.0
5f09e992d871ea7bfa1d261b,Travel Town - Merge Adventure,1521236603,ios,Travel Town - Merge Adventure,Moon Active,4201176.96,2525537.28,SE_ASIA,2026-05-20,all_time,6.0,30.0,0.614,0.386,0.1507,0.2741,0.1367,0.0459,0.0066,0.0919,0.1836,0.0818,0.0232,0.0055,36655.51366120219,366.0
5f09e992d871ea7bfa1d261b,Travel Town - Merge Adventure,io.randomco.travel,android,Travel Town - Merge Adventure,Magmatic Games LTD,4201176.96,1675639.68,SE_ASIA,2026-05-20,all_time,7.0,29.0,0.6421,0.3579,0.1511,0.3036,0.1418,0.0423,0.0033,0.0799,0.1887,0.073,0.0143,0.002,30121.775956284153,366.0
56cbcd309e8db4372d00ca12,Gunny Mobi - Bắn Gà Teen Cute,942043135,ios,Gunny Mobi,"VNGGames Co., Ltd",3568970.7,2011414.35,SE_ASIA,2026-05-20,all_time,5.0,31.0,0.2537,0.7463,0.0704,0.0928,0.0631,0.0218,0.0056,0.1959,0.2703,0.1975,0.0654,0.0172,583.3743169398907,366.0
56cbcd309e8db4372d00ca12,Gunny Mobi - Bắn Gà Teen Cute,com.angame.gunnymobi.vn,android,Gunny Mobi - Bắn Gà Teen Cute,"VNGGames Co., Ltd",3568970.7,1557556.35,SE_ASIA,2026-05-20,all_time,6.0,31.0,0.2266,0.7734,0.0578,0.0842,0.0614,0.0186,0.0046,0.1922,0.2811,0.2165,0.0665,0.0171,1527.8546511627908,344.0
57955d280211a6718a000002,Mobile Legends: Bang Bang,com.hhgame.mlbbvn,android,Mobile Legends: Bang Bang FT,Công ty cổ phần phát triển công nghệ số Hồng Hà,3518128.17,2478801.3,SE_ASIA,2026-05-20,all_time,8.0,28.0,0.2545,0.7455,0.0812,0.1144,0.0463,0.0067,0.0059,0.2545,0.3258,0.1283,0.0193,0.0176,430460.51639344264,366.0
57955d280211a6718a000002,Mobile Legends: Bang Bang,6468942281,ios,Mobile Legends: Bang Bang FT,Valar Technology Corp,3518128.17,1039326.87,SE_ASIA,2026-05-20,all_time,10.0,27.0,0.2207,0.7793,0.0871,0.0918,0.0277,0.011,0.0031,0.3153,0.3275,0.0956,0.0306,0.0103,62185.01366120219,366.0
6861ad8f8176e70e59f7bbad,Tam Quốc Huyễn Tướng VNG,6738500946,ios,Tam Quốc Huyễn Tướng VNG,VNG CORPORATION,3414583.8,1924083.0,SE_ASIA,2026-05-20,all_time,0.0,28.0,0.3746,0.6254,0.158,0.127,0.0508,0.0313,0.0075,0.2656,0.2382,0.0696,0.0417,0.0103,26153.51572327044,159.0
6861ad8f8176e70e59f7bbad,Tam Quốc Huyễn Tướng VNG,vng.games.tamquochuyentuong3q,android,Tam Quốc Huyễn Tướng VNG,VNG GROUP JSC,3414583.8,1490500.8,,,,,,,,,,,,,,,,,,,
6573c39d5c3b423d5d04560f,Dark War:Survival,6747331870,ios,Dark War: Survival VN,Valar Technology Corp,3053097.13,1007543.34,SE_ASIA,2026-05-20,all_time,5.0,29.0,0.3132,0.6868,0.1006,0.1312,0.0516,0.0249,0.0049,0.2284,0.2828,0.1152,0.052,0.0084,5927.420765027322,183.0
6573c39d5c3b423d5d04560f,Dark War:Survival,6670441558,ios,Dark War:Survival,Florere Game Limited,3053097.13,810372.71,SE_ASIA,2026-05-20,all_time,6.0,29.0,0.2918,0.7082,0.0917,0.1262,0.0468,0.0222,0.0049,0.2336,0.2984,0.1155,0.0513,0.0094,2618.8387978142077,366.0
6573c39d5c3b423d5d04560f,Dark War:Survival,com.readygo.dark.gp,android,Dark War Survival,Florere Game,3053097.13,702431.06,SE_ASIA,2026-05-20,all_time,7.0,28.0,0.2889,0.7111,0.1004,0.1263,0.0411,0.0195,0.0016,0.2506,0.2972,0.1103,0.0486,0.0044,5851.455927051672,329.0
6573c39d5c3b423d5d04560f,Dark War:Survival,com.readygo.dark.gphh,android,Dark War Survival,Công ty cổ phần phát triển công nghệ số Hồng Hà,3053097.13,532750.02,SE_ASIA,2026-05-20,all_time,5.0,29.0,0.1979,0.8021,0.0594,0.0893,0.033,0.0136,0.0026,0.2415,0.3491,0.1406,0.0603,0.0106,,
55c50ce502ac64f9c0002364,Township,638689075,ios,Township,Playrix,2806164.78,2041411.2,SE_ASIA,2026-05-20,all_time,8.0,30.0,0.5956,0.4044,0.167,0.2472,0.1239,0.0488,0.0087,0.1114,0.1675,0.0851,0.0343,0.0061,94957.3087431694,366.0
55c50ce502ac64f9c0002364,Township,com.playrix.township,android,Township,Playrix,2806164.78,764753.58,SE_ASIA,2026-05-20,all_time,9.0,29.0,0.6041,0.3959,0.1682,0.2594,0.1262,0.0439,0.0064,0.1078,0.169,0.0854,0.0293,0.0044,50831.82240437158,366.0
567a0aee0f1225ea0e006fe9,Lords Mobile: Kingdom Wars,com.igg.android.lordsmobilevn,android,Lords Mobile - Gamota,GAMFIV COMPANY LIMITED,2713770.48,1715831.19,SE_ASIA,2026-05-20,all_time,7.0,31.0,0.2398,0.7602,0.0613,0.0996,0.0468,0.0283,0.0038,0.1942,0.3164,0.1428,0.0954,0.0114,48999.928961748636,366.0
567a0aee0f1225ea0e006fe9,Lords Mobile: Kingdom Wars,1471932438,ios,Lords Mobile - Gamota,HTD MEDIA VIET NAM JOINT STOCK COMPANY,2713770.48,997939.29,SE_ASIA,2026-05-20,all_time,6.0,31.0,0.2679,0.7321,0.0627,0.1053,0.0685,0.0242,0.0072,0.1851,0.2935,0.1786,0.0606,0.0143,4724.136612021858,366.0
597a55930211a69d0f000000,Homescapes: Puzzle & Design,1195621598,ios,Homescapes: Puzzle & Design,Playrix,2538298.95,1763076.15,SE_ASIA,2026-05-20,all_time,8.0,32.0,0.6355,0.3645,0.1394,0.2387,0.155,0.0923,0.0101,0.0866,0.1351,0.0884,0.0484,0.006,32781.18032786885,366.0
597a55930211a69d0f000000,Homescapes: Puzzle & Design,com.playrix.homescapes,android,Homescapes,Playrix,2538298.95,775222.8,SE_ASIA,2026-05-20,all_time,9.0,31.0,0.651,0.349,0.1445,0.2542,0.1587,0.0865,0.0071,0.0759,0.1364,0.0874,0.0453,0.004,24510.09836065574,366.0
62f32a5044136e0eba10c9ba,Call of Dragons,6449674450,ios,Call of Dragons - Funtap,EazyPlay LTD,2516190.96,1649020.68,SE_ASIA,2026-05-20,all_time,5.0,28.0,0.1883,0.8117,0.052,0.0868,0.0324,0.0123,0.0048,0.2818,0.3436,0.1359,0.037,0.0134,635.7158469945355,366.0
62f32a5044136e0eba10c9ba,Call of Dragons,com.farlightgames.samo.gp.vn,android,Call of Dragons - Funtap,CÔNG TY CỔ PHẦN PHÁT TRIỂN CÔNG NGHỆ SỐ HỒNG HÀ,2516190.96,867170.28,SE_ASIA,2026-05-20,all_time,6.0,28.0,0.1633,0.8367,0.0605,0.0588,0.0363,0.0062,0.0015,0.318,0.3094,0.1641,0.035,0.0102,17507.658469945356,366.0
63ecece74760b21b6d8706b2,Metal Slug: Awakening,1621098895,ios,Metal Slug: Awakening,VNG CORPORATION,2444751.15,1538929.35,SE_ASIA,2026-05-20,all_time,6.0,29.0,0.1756,0.8244,0.0456,0.0735,0.0357,0.0173,0.0035,0.2346,0.3906,0.1447,0.0442,0.0103,7118.549180327869,366.0
63ecece74760b21b6d8706b2,Metal Slug: Awakening,com.vng.metalslug.rambolun,android,Metal Slug: Awakening,VNG GROUP JSC,2444751.15,905821.8,SE_ASIA,2026-05-20,all_time,5.0,28.0,0.1119,0.8881,0.0354,0.046,0.0221,0.0061,0.0023,0.3018,0.3846,0.1482,0.0397,0.0138,20873.792349726777,366.0
5b220c230e64c70b3e4d02d4,EA SPORTS FC Online M,1427414541,ios,FC Online M by EA SPORTS™,Garena Mobile Private,2383959.15,1410306.3,SE_ASIA,2026-05-20,all_time,6.0,28.0,0.111,0.889,0.0359,0.0484,0.0168,0.0075,0.0024,0.3048,0.409,0.112,0.0471,0.0161,81400.85792349727,366.0
5b220c230e64c70b3e4d02d4,EA SPORTS FC Online M,com.garena.game.fo4mvn,android,FC Online M by EA SPORTS™,Garena Mobile Private,2383959.15,973652.85,SE_ASIA,2026-05-20,all_time,8.0,28.0,0.064,0.936,0.0213,0.0315,0.0071,0.0029,0.0012,0.3137,0.4523,0.1087,0.0449,0.0164,124046.96994535519,366.0
6223305711885471e9b9c0ea,Gunny Origin,1572615571,ios,Gunny Origin,VNG CORPORATION,2342271.6,1327684.65,SE_ASIA,2026-05-20,all_time,4.0,30.0,0.2928,0.7072,0.0821,0.1128,0.0682,0.0232,0.0065,0.1769,0.2866,0.1753,0.0539,0.0145,934.8169398907104,366.0
6223305711885471e9b9c0ea,Gunny Origin,vng.game.gunny.mobi.classic.original,android,Gunny Origin,VNG GROUP JSC,2342271.6,1014586.95,SE_ASIA,2026-05-20,all_time,5.0,30.0,0.2467,0.7533,0.0688,0.0979,0.0592,0.0167,0.0041,0.179,0.3128,0.1924,0.055,0.0141,586.6008583690987,233.0
595efb6e62deeb17420039cc,叫我官老爺：八週年慶典,1448024270,ios,Gọi Ta Quan Lão Gia,JOY GAMES VIETNAM NETWORK COMPANY LIMITED,2195598.17,1298101.62,SE_ASIA,2026-05-20,all_time,5.0,30.0,0.4283,0.5717,0.1613,0.1386,0.0926,0.0302,0.0056,0.1674,0.1964,0.135,0.0656,0.0073,578.9617486338798,366.0
595efb6e62deeb17420039cc,叫我官老爺：八週年慶典,com.szckhd.jwgly.azvn,android,Ta Là Quan Lão Gia - TTH,TTH GAME,2195598.17,897495.63,SE_ASIA,2026-05-20,all_time,6.0,29.0,0.4666,0.5334,0.2022,0.1434,0.0875,0.0289,0.0046,0.1685,0.1982,0.1134,0.0484,0.0049,528.4908424908425,273.0
595efb6e62deeb17420039cc,叫我官老爺：八週年慶典,com.szckhd.jwgly.azjianti,android,叫我官老爷：八周年庆典,"Hong Kong Pixel Peak Technology Co., Limited",2195598.17,0.92,,,,,,,,,,,,,,,,,,,
624221e4aaeb833d98f8b149,Arena Breakout: Realistic FPS,com.vng.mf.uamo,android,Arena Breakout VNG,MINH PHUONG THINH COMMUNICATION COMPANY LIMITED,2159467.8,1247008.05,SE_ASIA,2026-05-20,all_time,5.0,28.0,0.1917,0.8083,0.0736,0.0741,0.0276,0.013,0.0034,0.2923,0.3452,0.1053,0.0543,0.0112,17757.486338797815,366.0
624221e4aaeb833d98f8b149,Arena Breakout: Realistic FPS,6474231541,ios,Arena Breakout VNG,MINH PHUONG THINH COMMUNICATION COMPANY LIMITED,2159467.8,912459.75,,,,,,,,,,,,,,,,,,,
63afc769278f9e137947186c,剑侠世界：起源,vnggames.volam.kiemthe.origin,android,Kiếm Thế Origin,VNG GROUP JSC,2143534.05,1131260.7,SE_ASIA,2026-05-20,all_time,5.0,29.0,0.248,0.752,0.0686,0.1107,0.0538,0.0117,0.0032,0.1862,0.3538,0.1673,0.0362,0.0085,34671.23224043716,366.0
63afc769278f9e137947186c,剑侠世界：起源,1613648368,ios,Kiếm Thế Origin,VNG CORPORATION,2143534.05,1012273.35,SE_ASIA,2026-05-20,all_time,4.0,29.0,0.2782,0.7218,0.0831,0.1198,0.055,0.0154,0.0049,0.1913,0.3302,0.152,0.0379,0.0104,47118.06284153005,366.0
666a7679850648f34fb41215,X-Samkok,com.snmjglo.google,android,X-Samkok,TTHmobi,2135355.72,1228540.5,SE_ASIA,2026-05-20,all_time,6.0,27.0,0.1569,0.8431,0.0662,0.0601,0.0232,0.0053,0.0021,0.3463,0.3345,0.1273,0.0249,0.0101,6288.27700831025,361.0
666a7679850648f34fb41215,X-Samkok,6502480712,ios,X-Samkok,Watt Games,2135355.72,906815.22,SE_ASIA,2026-05-20,all_time,5.0,28.0,0.2021,0.7979,0.0784,0.0754,0.0334,0.0109,0.004,0.3151,0.3129,0.1275,0.0314,0.011,31596.483606557376,366.0
5d84173e3ea9835b8b1d4081,三国志·战略版,1616630100,ios,Tam Quốc Chí - Chiến Lược-TTH,THIEN THUONG HOA ENTERTAINMENT JOINT STOCK COMPANY,1983371.7,1179668.61,SE_ASIA,2026-05-20,all_time,5.0,29.0,0.1859,0.8141,0.057,0.0708,0.0398,0.0123,0.006,0.2831,0.304,0.1633,0.0418,0.0219,6316.065573770492,366.0
5d84173e3ea9835b8b1d4081,三国志·战略版,com.vntth.sgzzlb.gp.vn,android,Tam Quốc Chí - Chiến Lược-TTH,THIEN THUONG HOA,1983371.7,803703.09,SE_ASIA,2026-05-20,all_time,6.0,29.0,0.1787,0.8213,0.0508,0.0746,0.0364,0.0144,0.0025,0.2519,0.3441,0.1546,0.0592,0.0115,9512.467213114754,366.0
67c27430fc11db225cb2f886,Nhất Kiếm Phục Ma,com.nkpm.vnaz,android,Nhất Kiếm Phục Ma,WEPLAY,1880986.72,1095165.51,SE_ASIA,2026-05-20,all_time,4.0,29.0,0.2526,0.7474,0.0668,0.1174,0.0516,0.0122,0.0046,0.1861,0.3616,0.1522,0.0344,0.0131,22960.7615658363,281.0
67c27430fc11db225cb2f886,Nhất Kiếm Phục Ma,6739976923,ios,Nhất Kiếm Phục Ma,WEPLAY LTD,1880986.72,785821.21,,,,,,,,,,,,,,,,,,,
5d2fbde03d3ea51dfcb37ca0,Family Island  Farming game,1464689103,ios,Family Island — Farming game,Melsoft,1866381.69,1192415.91,SE_ASIA,2026-05-20,all_time,6.0,31.0,0.5846,0.4154,0.1171,0.2767,0.1219,0.0589,0.01,0.0895,0.1872,0.0816,0.0519,0.0052,2106.0109289617485,366.0
5d2fbde03d3ea51dfcb37ca0,Family Island  Farming game,com.MelsoftGames.FamilyIslandFarm,android,Family Island™ — Farming game,Melsoft Games Ltd,1866381.69,673965.78,SE_ASIA,2026-05-20,all_time,7.0,31.0,0.5991,0.4009,0.1109,0.2969,0.1253,0.0577,0.0083,0.0776,0.1915,0.0785,0.0503,0.003,492.80232558139534,258.0
64d262a510a3142a25912bd2,小妖問道,6470252900,ios,Tiểu Yêu Tầm Đạo-Funtap,RED RIVER TECHNOLOGY AND SERVICES COMPANY LIMITED,1853107.53,1248328.05,SE_ASIA,2026-05-20,all_time,6.0,30.0,0.2067,0.7933,0.0622,0.0733,0.0525,0.0139,0.0048,0.2259,0.278,0.2217,0.0505,0.0172,26011.743169398906,366.0
64d262a510a3142a25912bd2,小妖問道,com.global.dqvn,android,Tiểu Yêu Tầm Đạo-Funtap,CÔNG TY TNHH CÔNG NGHỆ VÀ DỊCH VỤ HỒNG HÀ,1853107.53,604779.48,SE_ASIA,2026-05-20,all_time,7.0,31.0,0.1702,0.8298,0.0303,0.0761,0.0561,0.0053,0.0024,0.1501,0.3297,0.3105,0.0272,0.0123,63046.56284153005,366.0
67627e8338bfca294ea37676,Tam Quốc Phản Công: Thức Tỉnh!,vng.games.tamquoc.idle.rpg,android,Tam Quốc Phản Công: Thức Tỉnh!,"VNGGames Co., Ltd",1826315.1,1021084.95,,,,,,,,,,,,,,,,,,,
67627e8338bfca294ea37676,Tam Quốc Phản Công: Thức Tỉnh!,6737103277,ios,Tam Quốc Phản Công: Thức Tỉnh!,"VNGGames Co., Ltd",1826315.1,805230.15,,,,,,,,,,,,,,,,,,,
5cc98b703ea98357b8ed3ce0,Top War: Battle Game,1596859213,ios,Top War: Battle Game - Funtap,Valar Technology Corp,1821350.01,1248880.68,SE_ASIA,2026-05-20,all_time,6.0,30.0,0.2245,0.7755,0.0472,0.0983,0.0574,0.0162,0.0054,0.1912,0.3438,0.1815,0.0479,0.0111,3362.5737704918033,366.0
5cc98b703ea98357b8ed3ce0,Top War: Battle Game,com.topwar.gp.vn,android,Top War: Battle Game - Funtap,Công ty cổ phần phát triển công nghệ số Hồng Hà,1821350.01,572469.33,SE_ASIA,2026-05-20,all_time,5.0,29.0,0.1718,0.8282,0.0541,0.0616,0.0472,0.0077,0.0012,0.2982,0.2949,0.1916,0.036,0.0075,685.4535519125683,366.0
6539d116d2e5a9284e6a76e2,Legend of Mushroom,6473259128,ios,Nấm Lùn Tiến Lên,SPARKGAME COMPANY LIMITED,1797994.83,1269382.26,SE_ASIA,2026-05-20,all_time,6.0,28.0,0.2492,0.7508,0.0859,0.0937,0.0472,0.0176,0.0048,0.2794,0.2994,0.1246,0.0368,0.0106,2620.035519125683,366.0
6539d116d2e5a9284e6a76e2,Legend of Mushroom,com.mxdzz.sea,android,Legend of Mushroom: Rush - SEA,SPARKGAME LIMITED,1797994.83,528612.57,SE_ASIA,2026-05-20,all_time,7.0,28.0,0.1863,0.8137,0.0698,0.0723,0.0323,0.0099,0.002,0.3115,0.331,0.1285,0.0335,0.0092,4513.163323782235,349.0
